{
  "Get Books" : {
    "transaction" : "Get Books",
    "sampleCount" : 10,
    "errorCount" : 0,
    "errorPct" : 0.0,
    "meanResTime" : 1118.7,
    "medianResTime" : 1102.5,
    "minResTime" : 1080.0,
    "maxResTime" : 1195.0,
    "pct1ResTime" : 1191.1,
    "pct2ResTime" : 1195.0,
    "pct3ResTime" : 1195.0,
    "throughput" : 4.977600796416127,
    "receivedKBytesPerSec" : 22.312192788700848,
    "sentKBytesPerSec" : 0.7344877737680439
  },
  "Total" : {
    "transaction" : "Total",
    "sampleCount" : 10,
    "errorCount" : 0,
    "errorPct" : 0.0,
    "meanResTime" : 1118.7,
    "medianResTime" : 1102.5,
    "minResTime" : 1080.0,
    "maxResTime" : 1195.0,
    "pct1ResTime" : 1191.1,
    "pct2ResTime" : 1195.0,
    "pct3ResTime" : 1195.0,
    "throughput" : 4.977600796416127,
    "receivedKBytesPerSec" : 22.312192788700848,
    "sentKBytesPerSec" : 0.7344877737680439
  }
}